#,Time,%Passes,Change,Test,Pass,Partial,Fail,Untested
0,Sat Oct 31 16:11:18 EDT 2020,56,56,Assignment4Suite,CacheHeapTest0+ CacheMapTest0+ CacheMapTest1+ CacheTest0+ CacheTest1+ CacheTest2+ CacheTest4+ CacheTest5+ CacheTest6+ CacheTest7+ HeapDelMinTest1+ HeapDelMinTest11+ HeapDelMinTest13+ HeapDelMinTest2+ HeapDelMinTest5+ HeapDelMinTest7+ HeapDelMinTest9+ HeapIncDecEltTest0+ HeapIncDecEltTest1+ HeapIncDecEltTest2+ HeapInsertTest0+ HeapInsertTest1+ HeapInsertTest2+ HeapInsertTest3+ HeapInsertTest4+ , ,CacheHeapTest1- CacheHeapTest2- CacheHeapTest3- CacheMapTest2- CacheMapTest3- CacheTest3- CacheTest8- CacheTest9- HeapDelMinTest0- HeapDelMinTest10- HeapDelMinTest12- HeapDelMinTest14- HeapDelMinTest3- HeapDelMinTest4- HeapDelMinTest6- HeapDelMinTest8- HeapIncDecEltTest3- HeapIncDecEltTest4- HeapIncDecEltTest5- , ,
1,Sun Nov 01 19:48:06 EST 2020,68,12,Assignment4Suite,CacheHeapTest0 CacheHeapTest1+ CacheHeapTest2+ CacheMapTest0 CacheMapTest1 CacheTest0 CacheTest1 CacheTest2 CacheTest4 CacheTest5 CacheTest6 CacheTest7 CacheTest9+ HeapDelMinTest0+ HeapDelMinTest1 HeapDelMinTest11 HeapDelMinTest13 HeapDelMinTest2 HeapDelMinTest5 HeapDelMinTest7 HeapDelMinTest9 HeapIncDecEltTest0 HeapIncDecEltTest1 HeapIncDecEltTest2 HeapIncDecEltTest4+ HeapInsertTest0 HeapInsertTest1 HeapInsertTest2 HeapInsertTest3 HeapInsertTest4 , ,CacheHeapTest3 CacheMapTest2 CacheMapTest3 CacheTest3 CacheTest8 HeapDelMinTest10 HeapDelMinTest12 HeapDelMinTest14 HeapDelMinTest3 HeapDelMinTest4 HeapDelMinTest6 HeapDelMinTest8 HeapIncDecEltTest3 HeapIncDecEltTest5 , ,
2,Sun Nov 01 19:48:54 EST 2020,68,0,Assignment4Suite,CacheHeapTest0 CacheHeapTest1 CacheHeapTest2 CacheMapTest0 CacheMapTest1 CacheTest0 CacheTest1 CacheTest2 CacheTest4 CacheTest5 CacheTest6 CacheTest7 CacheTest9 HeapDelMinTest0 HeapDelMinTest1 HeapDelMinTest11 HeapDelMinTest13 HeapDelMinTest2 HeapDelMinTest5 HeapDelMinTest7 HeapDelMinTest9 HeapIncDecEltTest0 HeapIncDecEltTest1 HeapIncDecEltTest2 HeapIncDecEltTest4 HeapInsertTest0 HeapInsertTest1 HeapInsertTest2 HeapInsertTest3 HeapInsertTest4 , ,CacheHeapTest3 CacheMapTest2 CacheMapTest3 CacheTest3 CacheTest8 HeapDelMinTest10 HeapDelMinTest12 HeapDelMinTest14 HeapDelMinTest3 HeapDelMinTest4 HeapDelMinTest6 HeapDelMinTest8 HeapIncDecEltTest3 HeapIncDecEltTest5 , ,
3,Sun Nov 01 19:49:20 EST 2020,68,0,Assignment4Suite,CacheHeapTest0 CacheHeapTest1 CacheHeapTest2 CacheMapTest0 CacheMapTest1 CacheTest0 CacheTest1 CacheTest2 CacheTest4 CacheTest5 CacheTest6 CacheTest7 CacheTest9 HeapDelMinTest0 HeapDelMinTest1 HeapDelMinTest11 HeapDelMinTest13 HeapDelMinTest2 HeapDelMinTest5 HeapDelMinTest7 HeapDelMinTest9 HeapIncDecEltTest0 HeapIncDecEltTest1 HeapIncDecEltTest2 HeapIncDecEltTest4 HeapInsertTest0 HeapInsertTest1 HeapInsertTest2 HeapInsertTest3 HeapInsertTest4 , ,CacheHeapTest3 CacheMapTest2 CacheMapTest3 CacheTest3 CacheTest8 HeapDelMinTest10 HeapDelMinTest12 HeapDelMinTest14 HeapDelMinTest3 HeapDelMinTest4 HeapDelMinTest6 HeapDelMinTest8 HeapIncDecEltTest3 HeapIncDecEltTest5 , ,
4,Sun Nov 01 22:25:00 EST 2020,68,0,Assignment4Suite,CacheHeapTest0 CacheHeapTest1 CacheHeapTest2 CacheMapTest0 CacheMapTest1 CacheTest0 CacheTest1 CacheTest2 CacheTest4 CacheTest5 CacheTest6 CacheTest7 CacheTest9 HeapDelMinTest0 HeapDelMinTest1 HeapDelMinTest11 HeapDelMinTest13 HeapDelMinTest2 HeapDelMinTest5 HeapDelMinTest7 HeapDelMinTest9 HeapIncDecEltTest0 HeapIncDecEltTest1 HeapIncDecEltTest2 HeapIncDecEltTest4 HeapInsertTest0 HeapInsertTest1 HeapInsertTest2 HeapInsertTest3 HeapInsertTest4 , ,CacheHeapTest3 CacheMapTest2 CacheMapTest3 CacheTest3 CacheTest8 HeapDelMinTest10 HeapDelMinTest12 HeapDelMinTest14 HeapDelMinTest3 HeapDelMinTest4 HeapDelMinTest6 HeapDelMinTest8 HeapIncDecEltTest3 HeapIncDecEltTest5 , ,
5,Sun Nov 01 22:25:24 EST 2020,68,0,Assignment4Suite,CacheHeapTest0 CacheHeapTest1 CacheHeapTest2 CacheMapTest0 CacheMapTest1 CacheTest0 CacheTest1 CacheTest2 CacheTest4 CacheTest5 CacheTest6 CacheTest7 CacheTest9 HeapDelMinTest0 HeapDelMinTest1 HeapDelMinTest11 HeapDelMinTest13 HeapDelMinTest2 HeapDelMinTest5 HeapDelMinTest7 HeapDelMinTest9 HeapIncDecEltTest0 HeapIncDecEltTest1 HeapIncDecEltTest2 HeapIncDecEltTest4 HeapInsertTest0 HeapInsertTest1 HeapInsertTest2 HeapInsertTest3 HeapInsertTest4 , ,CacheHeapTest3 CacheMapTest2 CacheMapTest3 CacheTest3 CacheTest8 HeapDelMinTest10 HeapDelMinTest12 HeapDelMinTest14 HeapDelMinTest3 HeapDelMinTest4 HeapDelMinTest6 HeapDelMinTest8 HeapIncDecEltTest3 HeapIncDecEltTest5 , ,
6,Sun Nov 01 22:30:19 EST 2020,70,2,Assignment4Suite,CacheHeapTest0 CacheHeapTest1 CacheHeapTest2 CacheMapTest0 CacheMapTest1 CacheTest0 CacheTest1 CacheTest2 CacheTest4 CacheTest5 CacheTest6 CacheTest7 CacheTest8+ CacheTest9 HeapDelMinTest0 HeapDelMinTest1 HeapDelMinTest11 HeapDelMinTest13 HeapDelMinTest2 HeapDelMinTest5 HeapDelMinTest7 HeapDelMinTest9 HeapIncDecEltTest0 HeapIncDecEltTest1 HeapIncDecEltTest2 HeapIncDecEltTest4 HeapInsertTest0 HeapInsertTest1 HeapInsertTest2 HeapInsertTest3 HeapInsertTest4 , ,CacheHeapTest3 CacheMapTest2 CacheMapTest3 CacheTest3 HeapDelMinTest10 HeapDelMinTest12 HeapDelMinTest14 HeapDelMinTest3 HeapDelMinTest4 HeapDelMinTest6 HeapDelMinTest8 HeapIncDecEltTest3 HeapIncDecEltTest5 , ,
7,Sun Nov 01 22:30:32 EST 2020,70,0,Assignment4Suite,CacheHeapTest0 CacheHeapTest1 CacheHeapTest2 CacheMapTest0 CacheMapTest1 CacheTest0 CacheTest1 CacheTest2 CacheTest4 CacheTest5 CacheTest6 CacheTest7 CacheTest8 CacheTest9 HeapDelMinTest0 HeapDelMinTest1 HeapDelMinTest11 HeapDelMinTest13 HeapDelMinTest2 HeapDelMinTest5 HeapDelMinTest7 HeapDelMinTest9 HeapIncDecEltTest0 HeapIncDecEltTest1 HeapIncDecEltTest2 HeapIncDecEltTest4 HeapInsertTest0 HeapInsertTest1 HeapInsertTest2 HeapInsertTest3 HeapInsertTest4 , ,CacheHeapTest3 CacheMapTest2 CacheMapTest3 CacheTest3 HeapDelMinTest10 HeapDelMinTest12 HeapDelMinTest14 HeapDelMinTest3 HeapDelMinTest4 HeapDelMinTest6 HeapDelMinTest8 HeapIncDecEltTest3 HeapIncDecEltTest5 , ,
8,Sun Nov 01 22:50:51 EST 2020,72,2,Assignment4Suite,CacheHeapTest0 CacheHeapTest1 CacheHeapTest2 CacheMapTest0 CacheMapTest1 CacheTest0 CacheTest1 CacheTest2 CacheTest3+ CacheTest4 CacheTest5 CacheTest6 CacheTest7 CacheTest8 CacheTest9 HeapDelMinTest0 HeapDelMinTest1 HeapDelMinTest11 HeapDelMinTest13 HeapDelMinTest2 HeapDelMinTest5 HeapDelMinTest7 HeapDelMinTest9 HeapIncDecEltTest0 HeapIncDecEltTest1 HeapIncDecEltTest2 HeapIncDecEltTest4 HeapInsertTest0 HeapInsertTest1 HeapInsertTest2 HeapInsertTest3 HeapInsertTest4 , ,CacheHeapTest3 CacheMapTest2 CacheMapTest3 HeapDelMinTest10 HeapDelMinTest12 HeapDelMinTest14 HeapDelMinTest3 HeapDelMinTest4 HeapDelMinTest6 HeapDelMinTest8 HeapIncDecEltTest3 HeapIncDecEltTest5 , ,
9,Sun Nov 01 22:51:17 EST 2020,72,0,Assignment4Suite,CacheHeapTest0 CacheHeapTest1 CacheHeapTest2 CacheMapTest0 CacheMapTest1 CacheTest0 CacheTest1 CacheTest2 CacheTest3 CacheTest4 CacheTest5 CacheTest6 CacheTest7 CacheTest8 CacheTest9 HeapDelMinTest0 HeapDelMinTest1 HeapDelMinTest11 HeapDelMinTest13 HeapDelMinTest2 HeapDelMinTest5 HeapDelMinTest7 HeapDelMinTest9 HeapIncDecEltTest0 HeapIncDecEltTest1 HeapIncDecEltTest2 HeapIncDecEltTest4 HeapInsertTest0 HeapInsertTest1 HeapInsertTest2 HeapInsertTest3 HeapInsertTest4 , ,CacheHeapTest3 CacheMapTest2 CacheMapTest3 HeapDelMinTest10 HeapDelMinTest12 HeapDelMinTest14 HeapDelMinTest3 HeapDelMinTest4 HeapDelMinTest6 HeapDelMinTest8 HeapIncDecEltTest3 HeapIncDecEltTest5 , ,
10,Sun Nov 01 22:51:45 EST 2020,72,0,Assignment4Suite,CacheHeapTest0 CacheHeapTest1 CacheHeapTest2 CacheMapTest0 CacheMapTest1 CacheTest0 CacheTest1 CacheTest2 CacheTest3 CacheTest4 CacheTest5 CacheTest6 CacheTest7 CacheTest8 CacheTest9 HeapDelMinTest0 HeapDelMinTest1 HeapDelMinTest11 HeapDelMinTest13 HeapDelMinTest2 HeapDelMinTest5 HeapDelMinTest7 HeapDelMinTest9 HeapIncDecEltTest0 HeapIncDecEltTest1 HeapIncDecEltTest2 HeapIncDecEltTest4 HeapInsertTest0 HeapInsertTest1 HeapInsertTest2 HeapInsertTest3 HeapInsertTest4 , ,CacheHeapTest3 CacheMapTest2 CacheMapTest3 HeapDelMinTest10 HeapDelMinTest12 HeapDelMinTest14 HeapDelMinTest3 HeapDelMinTest4 HeapDelMinTest6 HeapDelMinTest8 HeapIncDecEltTest3 HeapIncDecEltTest5 , ,
11,Sun Nov 01 22:57:55 EST 2020,65,-7,Assignment4Suite,CacheHeapTest0 CacheHeapTest1 CacheHeapTest2 CacheMapTest0 CacheMapTest1 CacheTest0 CacheTest1 CacheTest3 CacheTest4 CacheTest6 CacheTest7 CacheTest9 HeapDelMinTest0 HeapDelMinTest1 HeapDelMinTest11 HeapDelMinTest13 HeapDelMinTest2 HeapDelMinTest5 HeapDelMinTest7 HeapDelMinTest9 HeapIncDecEltTest0 HeapIncDecEltTest1 HeapIncDecEltTest2 HeapIncDecEltTest4 HeapInsertTest0 HeapInsertTest1 HeapInsertTest2 HeapInsertTest3 HeapInsertTest4 , ,CacheHeapTest3 CacheMapTest2 CacheMapTest3 CacheTest2- CacheTest5- CacheTest8- HeapDelMinTest10 HeapDelMinTest12 HeapDelMinTest14 HeapDelMinTest3 HeapDelMinTest4 HeapDelMinTest6 HeapDelMinTest8 HeapIncDecEltTest3 HeapIncDecEltTest5 , ,
12,Sun Nov 01 22:58:13 EST 2020,65,0,Assignment4Suite,CacheHeapTest0 CacheHeapTest1 CacheHeapTest2 CacheMapTest0 CacheMapTest1 CacheTest0 CacheTest1 CacheTest3 CacheTest4 CacheTest6 CacheTest7 CacheTest9 HeapDelMinTest0 HeapDelMinTest1 HeapDelMinTest11 HeapDelMinTest13 HeapDelMinTest2 HeapDelMinTest5 HeapDelMinTest7 HeapDelMinTest9 HeapIncDecEltTest0 HeapIncDecEltTest1 HeapIncDecEltTest2 HeapIncDecEltTest4 HeapInsertTest0 HeapInsertTest1 HeapInsertTest2 HeapInsertTest3 HeapInsertTest4 , ,CacheHeapTest3 CacheMapTest2 CacheMapTest3 CacheTest2 CacheTest5 CacheTest8 HeapDelMinTest10 HeapDelMinTest12 HeapDelMinTest14 HeapDelMinTest3 HeapDelMinTest4 HeapDelMinTest6 HeapDelMinTest8 HeapIncDecEltTest3 HeapIncDecEltTest5 , ,
13,Sun Nov 01 22:59:07 EST 2020,72,7,Assignment4Suite,CacheHeapTest0 CacheHeapTest1 CacheHeapTest2 CacheMapTest0 CacheMapTest1 CacheTest0 CacheTest1 CacheTest2+ CacheTest3 CacheTest4 CacheTest5+ CacheTest6 CacheTest7 CacheTest8+ CacheTest9 HeapDelMinTest0 HeapDelMinTest1 HeapDelMinTest11 HeapDelMinTest13 HeapDelMinTest2 HeapDelMinTest5 HeapDelMinTest7 HeapDelMinTest9 HeapIncDecEltTest0 HeapIncDecEltTest1 HeapIncDecEltTest2 HeapIncDecEltTest4 HeapInsertTest0 HeapInsertTest1 HeapInsertTest2 HeapInsertTest3 HeapInsertTest4 , ,CacheHeapTest3 CacheMapTest2 CacheMapTest3 HeapDelMinTest10 HeapDelMinTest12 HeapDelMinTest14 HeapDelMinTest3 HeapDelMinTest4 HeapDelMinTest6 HeapDelMinTest8 HeapIncDecEltTest3 HeapIncDecEltTest5 , ,
14,Sun Nov 01 22:59:55 EST 2020,72,0,Assignment4Suite,CacheHeapTest0 CacheHeapTest1 CacheHeapTest2 CacheMapTest0 CacheMapTest1 CacheTest0 CacheTest1 CacheTest2 CacheTest3 CacheTest4 CacheTest5 CacheTest6 CacheTest7 CacheTest8 CacheTest9 HeapDelMinTest0 HeapDelMinTest1 HeapDelMinTest11 HeapDelMinTest13 HeapDelMinTest2 HeapDelMinTest5 HeapDelMinTest7 HeapDelMinTest9 HeapIncDecEltTest0 HeapIncDecEltTest1 HeapIncDecEltTest2 HeapIncDecEltTest4 HeapInsertTest0 HeapInsertTest1 HeapInsertTest2 HeapInsertTest3 HeapInsertTest4 , ,CacheHeapTest3 CacheMapTest2 CacheMapTest3 HeapDelMinTest10 HeapDelMinTest12 HeapDelMinTest14 HeapDelMinTest3 HeapDelMinTest4 HeapDelMinTest6 HeapDelMinTest8 HeapIncDecEltTest3 HeapIncDecEltTest5 , ,
15,Sun Nov 01 23:00:27 EST 2020,75,3,Assignment4Suite,CacheHeapTest0 CacheHeapTest1 CacheHeapTest2 CacheMapTest0 CacheMapTest1 CacheMapTest2+ CacheTest0 CacheTest1 CacheTest2 CacheTest3 CacheTest4 CacheTest5 CacheTest6 CacheTest7 CacheTest8 CacheTest9 HeapDelMinTest0 HeapDelMinTest1 HeapDelMinTest11 HeapDelMinTest13 HeapDelMinTest2 HeapDelMinTest5 HeapDelMinTest7 HeapDelMinTest9 HeapIncDecEltTest0 HeapIncDecEltTest1 HeapIncDecEltTest2 HeapIncDecEltTest4 HeapInsertTest0 HeapInsertTest1 HeapInsertTest2 HeapInsertTest3 HeapInsertTest4 , ,CacheHeapTest3 CacheMapTest3 HeapDelMinTest10 HeapDelMinTest12 HeapDelMinTest14 HeapDelMinTest3 HeapDelMinTest4 HeapDelMinTest6 HeapDelMinTest8 HeapIncDecEltTest3 HeapIncDecEltTest5 , ,
16,Sun Nov 01 23:05:01 EST 2020,65,-10,Assignment4Suite,CacheHeapTest0 CacheHeapTest1 CacheMapTest0 CacheMapTest1 CacheTest0 CacheTest1 CacheTest2 CacheTest3 CacheTest4 CacheTest5 CacheTest6 CacheTest7 HeapDelMinTest0 HeapDelMinTest1 HeapDelMinTest11 HeapDelMinTest13 HeapDelMinTest2 HeapDelMinTest5 HeapDelMinTest7 HeapDelMinTest9 HeapIncDecEltTest0 HeapIncDecEltTest1 HeapIncDecEltTest2 HeapIncDecEltTest4 HeapInsertTest0 HeapInsertTest1 HeapInsertTest2 HeapInsertTest3 HeapInsertTest4 , ,CacheHeapTest2- CacheHeapTest3 CacheMapTest2- CacheMapTest3 CacheTest8- CacheTest9- HeapDelMinTest10 HeapDelMinTest12 HeapDelMinTest14 HeapDelMinTest3 HeapDelMinTest4 HeapDelMinTest6 HeapDelMinTest8 HeapIncDecEltTest3 HeapIncDecEltTest5 , ,
17,Sun Nov 01 23:05:38 EST 2020,65,0,Assignment4Suite,CacheHeapTest0 CacheHeapTest1 CacheMapTest0 CacheMapTest1 CacheTest0 CacheTest1 CacheTest2 CacheTest3 CacheTest4 CacheTest5 CacheTest6 CacheTest7 HeapDelMinTest0 HeapDelMinTest1 HeapDelMinTest11 HeapDelMinTest13 HeapDelMinTest2 HeapDelMinTest5 HeapDelMinTest7 HeapDelMinTest9 HeapIncDecEltTest0 HeapIncDecEltTest1 HeapIncDecEltTest2 HeapIncDecEltTest4 HeapInsertTest0 HeapInsertTest1 HeapInsertTest2 HeapInsertTest3 HeapInsertTest4 , ,CacheHeapTest2 CacheHeapTest3 CacheMapTest2 CacheMapTest3 CacheTest8 CacheTest9 HeapDelMinTest10 HeapDelMinTest12 HeapDelMinTest14 HeapDelMinTest3 HeapDelMinTest4 HeapDelMinTest6 HeapDelMinTest8 HeapIncDecEltTest3 HeapIncDecEltTest5 , ,
18,Sun Nov 01 23:06:41 EST 2020,65,0,Assignment4Suite,CacheHeapTest0 CacheHeapTest1 CacheMapTest0 CacheMapTest1 CacheTest0 CacheTest1 CacheTest2 CacheTest3 CacheTest4 CacheTest5 CacheTest6 CacheTest7 HeapDelMinTest0 HeapDelMinTest1 HeapDelMinTest11 HeapDelMinTest13 HeapDelMinTest2 HeapDelMinTest5 HeapDelMinTest7 HeapDelMinTest9 HeapIncDecEltTest0 HeapIncDecEltTest1 HeapIncDecEltTest2 HeapIncDecEltTest4 HeapInsertTest0 HeapInsertTest1 HeapInsertTest2 HeapInsertTest3 HeapInsertTest4 , ,CacheHeapTest2 CacheHeapTest3 CacheMapTest2 CacheMapTest3 CacheTest8 CacheTest9 HeapDelMinTest10 HeapDelMinTest12 HeapDelMinTest14 HeapDelMinTest3 HeapDelMinTest4 HeapDelMinTest6 HeapDelMinTest8 HeapIncDecEltTest3 HeapIncDecEltTest5 , ,
19,Sun Nov 01 23:10:36 EST 2020,72,7,Assignment4Suite,CacheHeapTest0 CacheHeapTest1 CacheMapTest0 CacheMapTest1 CacheMapTest2+ CacheTest0 CacheTest1 CacheTest2 CacheTest3 CacheTest4 CacheTest5 CacheTest6 CacheTest7 CacheTest8+ HeapDelMinTest1 HeapDelMinTest11 HeapDelMinTest12+ HeapDelMinTest13 HeapDelMinTest2 HeapDelMinTest3+ HeapDelMinTest5 HeapDelMinTest7 HeapDelMinTest9 HeapIncDecEltTest0 HeapIncDecEltTest1 HeapIncDecEltTest2 HeapIncDecEltTest4 HeapInsertTest0 HeapInsertTest1 HeapInsertTest2 HeapInsertTest3 HeapInsertTest4 , ,CacheHeapTest2 CacheHeapTest3 CacheMapTest3 CacheTest9 HeapDelMinTest0- HeapDelMinTest10 HeapDelMinTest14 HeapDelMinTest4 HeapDelMinTest6 HeapDelMinTest8 HeapIncDecEltTest3 HeapIncDecEltTest5 , ,
20,Sun Nov 01 23:10:48 EST 2020,72,0,Assignment4Suite,CacheHeapTest0 CacheHeapTest1 CacheMapTest0 CacheMapTest1 CacheMapTest2 CacheTest0 CacheTest1 CacheTest2 CacheTest3 CacheTest4 CacheTest5 CacheTest6 CacheTest7 CacheTest8 HeapDelMinTest1 HeapDelMinTest11 HeapDelMinTest12 HeapDelMinTest13 HeapDelMinTest2 HeapDelMinTest3 HeapDelMinTest5 HeapDelMinTest7 HeapDelMinTest9 HeapIncDecEltTest0 HeapIncDecEltTest1 HeapIncDecEltTest2 HeapIncDecEltTest4 HeapInsertTest0 HeapInsertTest1 HeapInsertTest2 HeapInsertTest3 HeapInsertTest4 , ,CacheHeapTest2 CacheHeapTest3 CacheMapTest3 CacheTest9 HeapDelMinTest0 HeapDelMinTest10 HeapDelMinTest14 HeapDelMinTest4 HeapDelMinTest6 HeapDelMinTest8 HeapIncDecEltTest3 HeapIncDecEltTest5 , ,
21,Sun Nov 01 23:22:30 EST 2020,77,5,Assignment4Suite,CacheHeapTest0 CacheHeapTest1 CacheHeapTest2+ CacheMapTest0 CacheMapTest1 CacheMapTest2 CacheTest0 CacheTest1 CacheTest2 CacheTest3 CacheTest4 CacheTest5 CacheTest6 CacheTest7 CacheTest8 CacheTest9+ HeapDelMinTest1 HeapDelMinTest11 HeapDelMinTest12 HeapDelMinTest13 HeapDelMinTest2 HeapDelMinTest3 HeapDelMinTest5 HeapDelMinTest7 HeapDelMinTest9 HeapIncDecEltTest0 HeapIncDecEltTest1 HeapIncDecEltTest2 HeapIncDecEltTest4 HeapInsertTest0 HeapInsertTest1 HeapInsertTest2 HeapInsertTest3 HeapInsertTest4 , ,CacheHeapTest3 CacheMapTest3 HeapDelMinTest0 HeapDelMinTest10 HeapDelMinTest14 HeapDelMinTest4 HeapDelMinTest6 HeapDelMinTest8 HeapIncDecEltTest3 HeapIncDecEltTest5 , ,
22,Sun Nov 01 23:28:22 EST 2020,79,2,Assignment4Suite,CacheHeapTest0 CacheHeapTest1 CacheHeapTest2 CacheMapTest0 CacheMapTest1 CacheMapTest2 CacheMapTest3+ CacheTest0 CacheTest1 CacheTest2 CacheTest3 CacheTest4 CacheTest5 CacheTest6 CacheTest7 CacheTest8 CacheTest9 HeapDelMinTest1 HeapDelMinTest11 HeapDelMinTest12 HeapDelMinTest13 HeapDelMinTest2 HeapDelMinTest3 HeapDelMinTest5 HeapDelMinTest7 HeapDelMinTest9 HeapIncDecEltTest0 HeapIncDecEltTest1 HeapIncDecEltTest2 HeapIncDecEltTest4 HeapInsertTest0 HeapInsertTest1 HeapInsertTest2 HeapInsertTest3 HeapInsertTest4 , ,CacheHeapTest3 HeapDelMinTest0 HeapDelMinTest10 HeapDelMinTest14 HeapDelMinTest4 HeapDelMinTest6 HeapDelMinTest8 HeapIncDecEltTest3 HeapIncDecEltTest5 , ,
23,Sun Nov 01 23:28:49 EST 2020,79,0,Assignment4Suite,CacheHeapTest0 CacheHeapTest1 CacheHeapTest2 CacheMapTest0 CacheMapTest1 CacheMapTest2 CacheMapTest3 CacheTest0 CacheTest1 CacheTest2 CacheTest3 CacheTest4 CacheTest5 CacheTest6 CacheTest7 CacheTest8 CacheTest9 HeapDelMinTest1 HeapDelMinTest11 HeapDelMinTest12 HeapDelMinTest13 HeapDelMinTest2 HeapDelMinTest3 HeapDelMinTest5 HeapDelMinTest7 HeapDelMinTest9 HeapIncDecEltTest0 HeapIncDecEltTest1 HeapIncDecEltTest2 HeapIncDecEltTest4 HeapInsertTest0 HeapInsertTest1 HeapInsertTest2 HeapInsertTest3 HeapInsertTest4 , ,CacheHeapTest3 HeapDelMinTest0 HeapDelMinTest10 HeapDelMinTest14 HeapDelMinTest4 HeapDelMinTest6 HeapDelMinTest8 HeapIncDecEltTest3 HeapIncDecEltTest5 , ,
24,Sun Nov 01 23:36:16 EST 2020,79,0,Assignment4Suite,CacheHeapTest0 CacheHeapTest1 CacheHeapTest2 CacheMapTest0 CacheMapTest1 CacheMapTest2 CacheMapTest3 CacheTest0 CacheTest1 CacheTest2 CacheTest3 CacheTest4 CacheTest5 CacheTest6 CacheTest7 CacheTest8 CacheTest9 HeapDelMinTest1 HeapDelMinTest11 HeapDelMinTest12 HeapDelMinTest13 HeapDelMinTest2 HeapDelMinTest3 HeapDelMinTest5 HeapDelMinTest7 HeapDelMinTest9 HeapIncDecEltTest0 HeapIncDecEltTest1 HeapIncDecEltTest2 HeapIncDecEltTest4 HeapInsertTest0 HeapInsertTest1 HeapInsertTest2 HeapInsertTest3 HeapInsertTest4 , ,CacheHeapTest3 HeapDelMinTest0 HeapDelMinTest10 HeapDelMinTest14 HeapDelMinTest4 HeapDelMinTest6 HeapDelMinTest8 HeapIncDecEltTest3 HeapIncDecEltTest5 , ,
25,Sun Nov 01 23:37:20 EST 2020,79,0,Assignment4Suite,CacheHeapTest0 CacheHeapTest1 CacheHeapTest2 CacheMapTest0 CacheMapTest1 CacheMapTest2 CacheMapTest3 CacheTest0 CacheTest1 CacheTest2 CacheTest3 CacheTest4 CacheTest5 CacheTest6 CacheTest7 CacheTest8 CacheTest9 HeapDelMinTest1 HeapDelMinTest11 HeapDelMinTest12 HeapDelMinTest13 HeapDelMinTest2 HeapDelMinTest3 HeapDelMinTest5 HeapDelMinTest7 HeapDelMinTest9 HeapIncDecEltTest0 HeapIncDecEltTest1 HeapIncDecEltTest2 HeapIncDecEltTest4 HeapInsertTest0 HeapInsertTest1 HeapInsertTest2 HeapInsertTest3 HeapInsertTest4 , ,CacheHeapTest3 HeapDelMinTest0 HeapDelMinTest10 HeapDelMinTest14 HeapDelMinTest4 HeapDelMinTest6 HeapDelMinTest8 HeapIncDecEltTest3 HeapIncDecEltTest5 , ,
26,Mon Nov 02 00:33:47 EST 2020,77,-2,Assignment4Suite,CacheHeapTest0 CacheMapTest0 CacheMapTest1 CacheMapTest2 CacheMapTest3 CacheTest0 CacheTest1 CacheTest2 CacheTest3 CacheTest4 CacheTest5 CacheTest6 CacheTest7 CacheTest8 CacheTest9 HeapDelMinTest1 HeapDelMinTest11 HeapDelMinTest13 HeapDelMinTest2 HeapDelMinTest3 HeapDelMinTest5 HeapDelMinTest6+ HeapDelMinTest7 HeapDelMinTest9 HeapIncDecEltTest0 HeapIncDecEltTest1 HeapIncDecEltTest2 HeapIncDecEltTest3+ HeapIncDecEltTest4 HeapInsertTest0 HeapInsertTest1 HeapInsertTest2 HeapInsertTest3 HeapInsertTest4 , ,CacheHeapTest1- CacheHeapTest2- CacheHeapTest3 HeapDelMinTest0 HeapDelMinTest10 HeapDelMinTest12- HeapDelMinTest14 HeapDelMinTest4 HeapDelMinTest8 HeapIncDecEltTest5 , ,
27,Mon Nov 02 00:34:43 EST 2020,84,7,Assignment4Suite,CacheHeapTest0 CacheHeapTest1+ CacheHeapTest2+ CacheMapTest0 CacheMapTest1 CacheMapTest2 CacheMapTest3 CacheTest0 CacheTest1 CacheTest2 CacheTest3 CacheTest4 CacheTest5 CacheTest6 CacheTest7 CacheTest8 CacheTest9 HeapDelMinTest1 HeapDelMinTest11 HeapDelMinTest12+ HeapDelMinTest13 HeapDelMinTest2 HeapDelMinTest3 HeapDelMinTest5 HeapDelMinTest6 HeapDelMinTest7 HeapDelMinTest9 HeapIncDecEltTest0 HeapIncDecEltTest1 HeapIncDecEltTest2 HeapIncDecEltTest3 HeapIncDecEltTest4 HeapInsertTest0 HeapInsertTest1 HeapInsertTest2 HeapInsertTest3 HeapInsertTest4 , ,CacheHeapTest3 HeapDelMinTest0 HeapDelMinTest10 HeapDelMinTest14 HeapDelMinTest4 HeapDelMinTest8 HeapIncDecEltTest5 , ,
28,Mon Nov 02 00:35:42 EST 2020,84,0,Assignment4Suite,CacheHeapTest0 CacheHeapTest1 CacheHeapTest2 CacheMapTest0 CacheMapTest1 CacheMapTest2 CacheMapTest3 CacheTest0 CacheTest1 CacheTest2 CacheTest3 CacheTest4 CacheTest5 CacheTest6 CacheTest7 CacheTest8 CacheTest9 HeapDelMinTest1 HeapDelMinTest11 HeapDelMinTest12 HeapDelMinTest13 HeapDelMinTest2 HeapDelMinTest3 HeapDelMinTest5 HeapDelMinTest6 HeapDelMinTest7 HeapDelMinTest9 HeapIncDecEltTest0 HeapIncDecEltTest1 HeapIncDecEltTest2 HeapIncDecEltTest3 HeapIncDecEltTest4 HeapInsertTest0 HeapInsertTest1 HeapInsertTest2 HeapInsertTest3 HeapInsertTest4 , ,CacheHeapTest3 HeapDelMinTest0 HeapDelMinTest10 HeapDelMinTest14 HeapDelMinTest4 HeapDelMinTest8 HeapIncDecEltTest5 , ,
29,Mon Nov 02 00:39:42 EST 2020,77,-7,Assignment4Suite,CacheHeapTest0 CacheHeapTest1 CacheHeapTest2 CacheMapTest0 CacheMapTest1 CacheMapTest2 CacheTest0 CacheTest1 CacheTest2 CacheTest3 CacheTest4 CacheTest5 CacheTest6 CacheTest7 CacheTest8 CacheTest9 HeapDelMinTest0+ HeapDelMinTest1 HeapDelMinTest11 HeapDelMinTest13 HeapDelMinTest2 HeapDelMinTest5 HeapDelMinTest7 HeapDelMinTest9 HeapIncDecEltTest0 HeapIncDecEltTest1 HeapIncDecEltTest2 HeapIncDecEltTest3 HeapIncDecEltTest4 HeapInsertTest0 HeapInsertTest1 HeapInsertTest2 HeapInsertTest3 HeapInsertTest4 , ,CacheHeapTest3 CacheMapTest3- HeapDelMinTest10 HeapDelMinTest12- HeapDelMinTest14 HeapDelMinTest3- HeapDelMinTest4 HeapDelMinTest6- HeapDelMinTest8 HeapIncDecEltTest5 , ,
30,Mon Nov 02 00:40:40 EST 2020,81,4,Assignment4Suite,CacheHeapTest0 CacheHeapTest1 CacheMapTest0 CacheMapTest1 CacheMapTest2 CacheMapTest3+ CacheTest0 CacheTest1 CacheTest2 CacheTest3 CacheTest4 CacheTest5 CacheTest6 CacheTest7 CacheTest8 CacheTest9 HeapDelMinTest1 HeapDelMinTest11 HeapDelMinTest12+ HeapDelMinTest13 HeapDelMinTest2 HeapDelMinTest3+ HeapDelMinTest5 HeapDelMinTest6+ HeapDelMinTest7 HeapDelMinTest9 HeapIncDecEltTest0 HeapIncDecEltTest1 HeapIncDecEltTest2 HeapIncDecEltTest3 HeapIncDecEltTest4 HeapInsertTest0 HeapInsertTest1 HeapInsertTest2 HeapInsertTest3 HeapInsertTest4 , ,CacheHeapTest2- CacheHeapTest3 HeapDelMinTest0- HeapDelMinTest10 HeapDelMinTest14 HeapDelMinTest4 HeapDelMinTest8 HeapIncDecEltTest5 , ,
31,Mon Nov 02 00:41:53 EST 2020,84,3,Assignment4Suite,CacheHeapTest0 CacheHeapTest1 CacheHeapTest2+ CacheMapTest0 CacheMapTest1 CacheMapTest2 CacheMapTest3 CacheTest0 CacheTest1 CacheTest2 CacheTest3 CacheTest4 CacheTest5 CacheTest6 CacheTest7 CacheTest8 CacheTest9 HeapDelMinTest1 HeapDelMinTest11 HeapDelMinTest12 HeapDelMinTest13 HeapDelMinTest2 HeapDelMinTest3 HeapDelMinTest5 HeapDelMinTest6 HeapDelMinTest7 HeapDelMinTest9 HeapIncDecEltTest0 HeapIncDecEltTest1 HeapIncDecEltTest2 HeapIncDecEltTest3 HeapIncDecEltTest4 HeapInsertTest0 HeapInsertTest1 HeapInsertTest2 HeapInsertTest3 HeapInsertTest4 , ,CacheHeapTest3 HeapDelMinTest0 HeapDelMinTest10 HeapDelMinTest14 HeapDelMinTest4 HeapDelMinTest8 HeapIncDecEltTest5 , ,
32,Mon Nov 02 11:38:48 EST 2020,84,0,Assignment4Suite,CacheHeapTest0 CacheHeapTest1 CacheHeapTest2 CacheMapTest0 CacheMapTest1 CacheMapTest2 CacheMapTest3 CacheTest0 CacheTest1 CacheTest2 CacheTest3 CacheTest4 CacheTest5 CacheTest6 CacheTest7 CacheTest8 CacheTest9 HeapDelMinTest1 HeapDelMinTest11 HeapDelMinTest12 HeapDelMinTest13 HeapDelMinTest2 HeapDelMinTest3 HeapDelMinTest5 HeapDelMinTest6 HeapDelMinTest7 HeapDelMinTest9 HeapIncDecEltTest0 HeapIncDecEltTest1 HeapIncDecEltTest2 HeapIncDecEltTest3 HeapIncDecEltTest4 HeapInsertTest0 HeapInsertTest1 HeapInsertTest2 HeapInsertTest3 HeapInsertTest4 , ,CacheHeapTest3 HeapDelMinTest0 HeapDelMinTest10 HeapDelMinTest14 HeapDelMinTest4 HeapDelMinTest8 HeapIncDecEltTest5 , ,
33,Mon Nov 02 11:40:17 EST 2020,84,0,Assignment4Suite,CacheHeapTest0 CacheHeapTest1 CacheHeapTest2 CacheMapTest0 CacheMapTest1 CacheMapTest2 CacheMapTest3 CacheTest0 CacheTest1 CacheTest2 CacheTest3 CacheTest4 CacheTest5 CacheTest6 CacheTest7 CacheTest8 CacheTest9 HeapDelMinTest1 HeapDelMinTest11 HeapDelMinTest12 HeapDelMinTest13 HeapDelMinTest2 HeapDelMinTest3 HeapDelMinTest5 HeapDelMinTest6 HeapDelMinTest7 HeapDelMinTest9 HeapIncDecEltTest0 HeapIncDecEltTest1 HeapIncDecEltTest2 HeapIncDecEltTest3 HeapIncDecEltTest4 HeapInsertTest0 HeapInsertTest1 HeapInsertTest2 HeapInsertTest3 HeapInsertTest4 , ,CacheHeapTest3 HeapDelMinTest0 HeapDelMinTest10 HeapDelMinTest14 HeapDelMinTest4 HeapDelMinTest8 HeapIncDecEltTest5 , ,
34,Mon Nov 02 11:45:24 EST 2020,86,2,Assignment4Suite,CacheHeapTest0 CacheHeapTest1 CacheHeapTest2 CacheMapTest0 CacheMapTest1 CacheMapTest2 CacheMapTest3 CacheTest0 CacheTest1 CacheTest2 CacheTest3 CacheTest4 CacheTest5 CacheTest6 CacheTest7 CacheTest8 CacheTest9 HeapDelMinTest1 HeapDelMinTest11 HeapDelMinTest12 HeapDelMinTest13 HeapDelMinTest2 HeapDelMinTest3 HeapDelMinTest5 HeapDelMinTest6 HeapDelMinTest7 HeapDelMinTest9 HeapIncDecEltTest0 HeapIncDecEltTest1 HeapIncDecEltTest2 HeapIncDecEltTest3 HeapIncDecEltTest4 HeapIncDecEltTest5+ HeapInsertTest0 HeapInsertTest1 HeapInsertTest2 HeapInsertTest3 HeapInsertTest4 , ,CacheHeapTest3 HeapDelMinTest0 HeapDelMinTest10 HeapDelMinTest14 HeapDelMinTest4 HeapDelMinTest8 , ,
35,Mon Nov 02 12:03:25 EST 2020,86,0,Assignment4Suite,CacheHeapTest0 CacheHeapTest1 CacheHeapTest2 CacheMapTest0 CacheMapTest1 CacheMapTest2 CacheMapTest3 CacheTest0 CacheTest1 CacheTest2 CacheTest3 CacheTest4 CacheTest5 CacheTest6 CacheTest7 CacheTest8 CacheTest9 HeapDelMinTest1 HeapDelMinTest11 HeapDelMinTest12 HeapDelMinTest13 HeapDelMinTest2 HeapDelMinTest3 HeapDelMinTest5 HeapDelMinTest6 HeapDelMinTest7 HeapDelMinTest9 HeapIncDecEltTest0 HeapIncDecEltTest1 HeapIncDecEltTest2 HeapIncDecEltTest3 HeapIncDecEltTest4 HeapIncDecEltTest5 HeapInsertTest0 HeapInsertTest1 HeapInsertTest2 HeapInsertTest3 HeapInsertTest4 , ,CacheHeapTest3 HeapDelMinTest0 HeapDelMinTest10 HeapDelMinTest14 HeapDelMinTest4 HeapDelMinTest8 , ,
36,Mon Nov 02 12:05:23 EST 2020,79,-7,Assignment4Suite,CacheHeapTest0 CacheHeapTest1 CacheHeapTest2 CacheMapTest0 CacheMapTest1 CacheMapTest2 CacheTest0 CacheTest1 CacheTest2 CacheTest3 CacheTest4 CacheTest5 CacheTest6 CacheTest7 CacheTest8 CacheTest9 HeapDelMinTest0+ HeapDelMinTest1 HeapDelMinTest11 HeapDelMinTest13 HeapDelMinTest2 HeapDelMinTest5 HeapDelMinTest7 HeapDelMinTest9 HeapIncDecEltTest0 HeapIncDecEltTest1 HeapIncDecEltTest2 HeapIncDecEltTest3 HeapIncDecEltTest4 HeapIncDecEltTest5 HeapInsertTest0 HeapInsertTest1 HeapInsertTest2 HeapInsertTest3 HeapInsertTest4 , ,CacheHeapTest3 CacheMapTest3- HeapDelMinTest10 HeapDelMinTest12- HeapDelMinTest14 HeapDelMinTest3- HeapDelMinTest4 HeapDelMinTest6- HeapDelMinTest8 , ,
37,Mon Nov 02 12:06:34 EST 2020,70,-9,Assignment4Suite,CacheHeapTest0 CacheHeapTest1 CacheMapTest0 CacheMapTest1 CacheTest0 CacheTest1 CacheTest2 CacheTest3 CacheTest4 CacheTest5 CacheTest6 CacheTest7 HeapDelMinTest0 HeapDelMinTest1 HeapDelMinTest11 HeapDelMinTest13 HeapDelMinTest2 HeapDelMinTest5 HeapDelMinTest7 HeapDelMinTest9 HeapIncDecEltTest0 HeapIncDecEltTest1 HeapIncDecEltTest2 HeapIncDecEltTest3 HeapIncDecEltTest4 HeapIncDecEltTest5 HeapInsertTest0 HeapInsertTest1 HeapInsertTest2 HeapInsertTest3 HeapInsertTest4 , ,CacheHeapTest2- CacheHeapTest3 CacheMapTest2- CacheMapTest3 CacheTest8- CacheTest9- HeapDelMinTest10 HeapDelMinTest12 HeapDelMinTest14 HeapDelMinTest3 HeapDelMinTest4 HeapDelMinTest6 HeapDelMinTest8 , ,
38,Mon Nov 02 12:07:04 EST 2020,70,0,Assignment4Suite,CacheHeapTest0 CacheHeapTest1 CacheMapTest0 CacheMapTest1 CacheTest0 CacheTest1 CacheTest2 CacheTest3 CacheTest4 CacheTest5 CacheTest6 CacheTest7 HeapDelMinTest0 HeapDelMinTest1 HeapDelMinTest11 HeapDelMinTest13 HeapDelMinTest2 HeapDelMinTest5 HeapDelMinTest7 HeapDelMinTest9 HeapIncDecEltTest0 HeapIncDecEltTest1 HeapIncDecEltTest2 HeapIncDecEltTest3 HeapIncDecEltTest4 HeapIncDecEltTest5 HeapInsertTest0 HeapInsertTest1 HeapInsertTest2 HeapInsertTest3 HeapInsertTest4 , ,CacheHeapTest2 CacheHeapTest3 CacheMapTest2 CacheMapTest3 CacheTest8 CacheTest9 HeapDelMinTest10 HeapDelMinTest12 HeapDelMinTest14 HeapDelMinTest3 HeapDelMinTest4 HeapDelMinTest6 HeapDelMinTest8 , ,
39,Mon Nov 02 12:08:00 EST 2020,84,14,Assignment4Suite,CacheHeapTest0 CacheHeapTest1 CacheHeapTest2+ CacheMapTest0 CacheMapTest1 CacheMapTest2+ CacheMapTest3+ CacheTest0 CacheTest1 CacheTest2 CacheTest3 CacheTest4 CacheTest5 CacheTest6 CacheTest7 CacheTest8+ CacheTest9+ HeapDelMinTest1 HeapDelMinTest11 HeapDelMinTest12+ HeapDelMinTest13 HeapDelMinTest2 HeapDelMinTest3+ HeapDelMinTest5 HeapDelMinTest6+ HeapDelMinTest7 HeapDelMinTest9 HeapIncDecEltTest0 HeapIncDecEltTest1 HeapIncDecEltTest2 HeapIncDecEltTest3 HeapIncDecEltTest4 HeapInsertTest0 HeapInsertTest1 HeapInsertTest2 HeapInsertTest3 HeapInsertTest4 , ,CacheHeapTest3 HeapDelMinTest0- HeapDelMinTest10 HeapDelMinTest14 HeapDelMinTest4 HeapDelMinTest8 HeapIncDecEltTest5- , ,
40,Mon Nov 02 12:08:59 EST 2020,86,2,Assignment4Suite,CacheHeapTest0 CacheHeapTest1 CacheHeapTest2 CacheMapTest0 CacheMapTest1 CacheMapTest2 CacheMapTest3 CacheTest0 CacheTest1 CacheTest2 CacheTest3 CacheTest4 CacheTest5 CacheTest6 CacheTest7 CacheTest8 CacheTest9 HeapDelMinTest1 HeapDelMinTest11 HeapDelMinTest12 HeapDelMinTest13 HeapDelMinTest2 HeapDelMinTest3 HeapDelMinTest5 HeapDelMinTest6 HeapDelMinTest7 HeapDelMinTest9 HeapIncDecEltTest0 HeapIncDecEltTest1 HeapIncDecEltTest2 HeapIncDecEltTest3 HeapIncDecEltTest4 HeapIncDecEltTest5+ HeapInsertTest0 HeapInsertTest1 HeapInsertTest2 HeapInsertTest3 HeapInsertTest4 , ,CacheHeapTest3 HeapDelMinTest0 HeapDelMinTest10 HeapDelMinTest14 HeapDelMinTest4 HeapDelMinTest8 , ,
41,Mon Nov 02 12:09:51 EST 2020,86,0,Assignment4Suite,CacheHeapTest0 CacheHeapTest1 CacheHeapTest2 CacheMapTest0 CacheMapTest1 CacheMapTest2 CacheMapTest3 CacheTest0 CacheTest1 CacheTest2 CacheTest3 CacheTest4 CacheTest5 CacheTest6 CacheTest7 CacheTest8 CacheTest9 HeapDelMinTest1 HeapDelMinTest11 HeapDelMinTest12 HeapDelMinTest13 HeapDelMinTest2 HeapDelMinTest3 HeapDelMinTest5 HeapDelMinTest6 HeapDelMinTest7 HeapDelMinTest9 HeapIncDecEltTest0 HeapIncDecEltTest1 HeapIncDecEltTest2 HeapIncDecEltTest3 HeapIncDecEltTest4 HeapIncDecEltTest5 HeapInsertTest0 HeapInsertTest1 HeapInsertTest2 HeapInsertTest3 HeapInsertTest4 , ,CacheHeapTest3 HeapDelMinTest0 HeapDelMinTest10 HeapDelMinTest14 HeapDelMinTest4 HeapDelMinTest8 , ,
42,Mon Nov 02 12:12:28 EST 2020,86,0,Assignment4Suite,CacheHeapTest0 CacheHeapTest1 CacheHeapTest2 CacheMapTest0 CacheMapTest1 CacheMapTest2 CacheMapTest3 CacheTest0 CacheTest1 CacheTest2 CacheTest3 CacheTest4 CacheTest5 CacheTest6 CacheTest7 CacheTest8 CacheTest9 HeapDelMinTest1 HeapDelMinTest11 HeapDelMinTest12 HeapDelMinTest13 HeapDelMinTest2 HeapDelMinTest3 HeapDelMinTest5 HeapDelMinTest6 HeapDelMinTest7 HeapDelMinTest9 HeapIncDecEltTest0 HeapIncDecEltTest1 HeapIncDecEltTest2 HeapIncDecEltTest3 HeapIncDecEltTest4 HeapIncDecEltTest5 HeapInsertTest0 HeapInsertTest1 HeapInsertTest2 HeapInsertTest3 HeapInsertTest4 , ,CacheHeapTest3 HeapDelMinTest0 HeapDelMinTest10 HeapDelMinTest14 HeapDelMinTest4 HeapDelMinTest8 , ,
43,Mon Nov 02 12:13:00 EST 2020,86,0,Assignment4Suite,CacheHeapTest0 CacheHeapTest1 CacheHeapTest2 CacheMapTest0 CacheMapTest1 CacheMapTest2 CacheMapTest3 CacheTest0 CacheTest1 CacheTest2 CacheTest3 CacheTest4 CacheTest5 CacheTest6 CacheTest7 CacheTest8 CacheTest9 HeapDelMinTest1 HeapDelMinTest11 HeapDelMinTest12 HeapDelMinTest13 HeapDelMinTest2 HeapDelMinTest3 HeapDelMinTest5 HeapDelMinTest6 HeapDelMinTest7 HeapDelMinTest9 HeapIncDecEltTest0 HeapIncDecEltTest1 HeapIncDecEltTest2 HeapIncDecEltTest3 HeapIncDecEltTest4 HeapIncDecEltTest5 HeapInsertTest0 HeapInsertTest1 HeapInsertTest2 HeapInsertTest3 HeapInsertTest4 , ,CacheHeapTest3 HeapDelMinTest0 HeapDelMinTest10 HeapDelMinTest14 HeapDelMinTest4 HeapDelMinTest8 , ,
44,Mon Nov 02 12:15:44 EST 2020,86,0,Assignment4Suite,CacheHeapTest0 CacheHeapTest1 CacheHeapTest2 CacheMapTest0 CacheMapTest1 CacheMapTest2 CacheMapTest3 CacheTest0 CacheTest1 CacheTest2 CacheTest3 CacheTest4 CacheTest5 CacheTest6 CacheTest7 CacheTest8 CacheTest9 HeapDelMinTest1 HeapDelMinTest11 HeapDelMinTest13 HeapDelMinTest14+ HeapDelMinTest2 HeapDelMinTest5 HeapDelMinTest6 HeapDelMinTest7 HeapDelMinTest8+ HeapDelMinTest9 HeapIncDecEltTest0 HeapIncDecEltTest1 HeapIncDecEltTest2 HeapIncDecEltTest3 HeapIncDecEltTest4 HeapIncDecEltTest5 HeapInsertTest0 HeapInsertTest1 HeapInsertTest2 HeapInsertTest3 HeapInsertTest4 , ,CacheHeapTest3 HeapDelMinTest0 HeapDelMinTest10 HeapDelMinTest12- HeapDelMinTest3- HeapDelMinTest4 , ,
45,Mon Nov 02 12:19:58 EST 2020,86,0,Assignment4Suite,CacheHeapTest0 CacheHeapTest1 CacheHeapTest2 CacheMapTest0 CacheMapTest1 CacheMapTest2 CacheMapTest3 CacheTest0 CacheTest1 CacheTest2 CacheTest3 CacheTest4 CacheTest5 CacheTest6 CacheTest7 CacheTest8 CacheTest9 HeapDelMinTest1 HeapDelMinTest11 HeapDelMinTest12+ HeapDelMinTest13 HeapDelMinTest2 HeapDelMinTest3+ HeapDelMinTest5 HeapDelMinTest6 HeapDelMinTest7 HeapDelMinTest9 HeapIncDecEltTest0 HeapIncDecEltTest1 HeapIncDecEltTest2 HeapIncDecEltTest3 HeapIncDecEltTest4 HeapIncDecEltTest5 HeapInsertTest0 HeapInsertTest1 HeapInsertTest2 HeapInsertTest3 HeapInsertTest4 , ,CacheHeapTest3 HeapDelMinTest0 HeapDelMinTest10 HeapDelMinTest14- HeapDelMinTest4 HeapDelMinTest8- , ,
46,Mon Nov 02 12:23:59 EST 2020,70,-16,Assignment4Suite,CacheHeapTest0 CacheHeapTest1 CacheHeapTest2 CacheMapTest0 CacheMapTest1 CacheMapTest2 CacheMapTest3 CacheTest0 CacheTest1 CacheTest2 CacheTest3 CacheTest4 CacheTest5 CacheTest6 CacheTest7 CacheTest8 CacheTest9 HeapDelMinTest1 HeapDelMinTest11 HeapDelMinTest13 HeapDelMinTest2 HeapDelMinTest5 HeapDelMinTest7 HeapDelMinTest9 HeapIncDecEltTest0 HeapIncDecEltTest1 HeapInsertTest0 HeapInsertTest1 HeapInsertTest2 HeapInsertTest3 HeapInsertTest4 , ,CacheHeapTest3 HeapDelMinTest0 HeapDelMinTest10 HeapDelMinTest12- HeapDelMinTest14 HeapDelMinTest3- HeapDelMinTest4 HeapDelMinTest6- HeapDelMinTest8 HeapIncDecEltTest2- HeapIncDecEltTest3- HeapIncDecEltTest4- HeapIncDecEltTest5- , ,
47,Mon Nov 02 12:24:44 EST 2020,86,16,Assignment4Suite,CacheHeapTest0 CacheHeapTest1 CacheHeapTest2 CacheMapTest0 CacheMapTest1 CacheMapTest2 CacheMapTest3 CacheTest0 CacheTest1 CacheTest2 CacheTest3 CacheTest4 CacheTest5 CacheTest6 CacheTest7 CacheTest8 CacheTest9 HeapDelMinTest1 HeapDelMinTest11 HeapDelMinTest12+ HeapDelMinTest13 HeapDelMinTest2 HeapDelMinTest3+ HeapDelMinTest5 HeapDelMinTest6+ HeapDelMinTest7 HeapDelMinTest9 HeapIncDecEltTest0 HeapIncDecEltTest1 HeapIncDecEltTest2+ HeapIncDecEltTest3+ HeapIncDecEltTest4+ HeapIncDecEltTest5+ HeapInsertTest0 HeapInsertTest1 HeapInsertTest2 HeapInsertTest3 HeapInsertTest4 , ,CacheHeapTest3 HeapDelMinTest0 HeapDelMinTest10 HeapDelMinTest14 HeapDelMinTest4 HeapDelMinTest8 , ,
48,Mon Nov 02 12:42:16 EST 2020,86,0,Assignment4Suite,CacheHeapTest0 CacheHeapTest1 CacheHeapTest2 CacheMapTest0 CacheMapTest1 CacheMapTest2 CacheMapTest3 CacheTest0 CacheTest1 CacheTest2 CacheTest3 CacheTest4 CacheTest5 CacheTest6 CacheTest7 CacheTest8 CacheTest9 HeapDelMinTest1 HeapDelMinTest11 HeapDelMinTest12 HeapDelMinTest13 HeapDelMinTest2 HeapDelMinTest3 HeapDelMinTest5 HeapDelMinTest6 HeapDelMinTest7 HeapDelMinTest9 HeapIncDecEltTest0 HeapIncDecEltTest1 HeapIncDecEltTest2 HeapIncDecEltTest3 HeapIncDecEltTest4 HeapIncDecEltTest5 HeapInsertTest0 HeapInsertTest1 HeapInsertTest2 HeapInsertTest3 HeapInsertTest4 , ,CacheHeapTest3 HeapDelMinTest0 HeapDelMinTest10 HeapDelMinTest14 HeapDelMinTest4 HeapDelMinTest8 , ,
49,Mon Nov 02 12:45:45 EST 2020,86,0,Assignment4Suite,CacheHeapTest0 CacheHeapTest1 CacheHeapTest2 CacheMapTest0 CacheMapTest1 CacheMapTest2 CacheMapTest3 CacheTest0 CacheTest1 CacheTest2 CacheTest3 CacheTest4 CacheTest5 CacheTest6 CacheTest7 CacheTest8 CacheTest9 HeapDelMinTest1 HeapDelMinTest11 HeapDelMinTest12 HeapDelMinTest13 HeapDelMinTest2 HeapDelMinTest3 HeapDelMinTest5 HeapDelMinTest6 HeapDelMinTest7 HeapDelMinTest9 HeapIncDecEltTest0 HeapIncDecEltTest1 HeapIncDecEltTest2 HeapIncDecEltTest3 HeapIncDecEltTest4 HeapIncDecEltTest5 HeapInsertTest0 HeapInsertTest1 HeapInsertTest2 HeapInsertTest3 HeapInsertTest4 , ,CacheHeapTest3 HeapDelMinTest0 HeapDelMinTest10 HeapDelMinTest14 HeapDelMinTest4 HeapDelMinTest8 , ,
50,Mon Nov 02 12:49:58 EST 2020,86,0,Assignment4Suite,CacheHeapTest0 CacheHeapTest1 CacheHeapTest2 CacheMapTest0 CacheMapTest1 CacheMapTest2 CacheMapTest3 CacheTest0 CacheTest1 CacheTest2 CacheTest3 CacheTest4 CacheTest5 CacheTest6 CacheTest7 CacheTest8 CacheTest9 HeapDelMinTest1 HeapDelMinTest11 HeapDelMinTest13 HeapDelMinTest14+ HeapDelMinTest2 HeapDelMinTest5 HeapDelMinTest6 HeapDelMinTest7 HeapDelMinTest8+ HeapDelMinTest9 HeapIncDecEltTest0 HeapIncDecEltTest1 HeapIncDecEltTest2 HeapIncDecEltTest3 HeapIncDecEltTest4 HeapIncDecEltTest5 HeapInsertTest0 HeapInsertTest1 HeapInsertTest2 HeapInsertTest3 HeapInsertTest4 , ,CacheHeapTest3 HeapDelMinTest0 HeapDelMinTest10 HeapDelMinTest12- HeapDelMinTest3- HeapDelMinTest4 , ,
51,Mon Nov 02 12:57:05 EST 2020,86,0,Assignment4Suite,CacheHeapTest0 CacheHeapTest1 CacheHeapTest2 CacheMapTest0 CacheMapTest1 CacheMapTest2 CacheMapTest3 CacheTest0 CacheTest1 CacheTest2 CacheTest3 CacheTest4 CacheTest5 CacheTest6 CacheTest7 CacheTest8 CacheTest9 HeapDelMinTest1 HeapDelMinTest11 HeapDelMinTest13 HeapDelMinTest14 HeapDelMinTest2 HeapDelMinTest5 HeapDelMinTest6 HeapDelMinTest7 HeapDelMinTest8 HeapDelMinTest9 HeapIncDecEltTest0 HeapIncDecEltTest1 HeapIncDecEltTest2 HeapIncDecEltTest3 HeapIncDecEltTest4 HeapIncDecEltTest5 HeapInsertTest0 HeapInsertTest1 HeapInsertTest2 HeapInsertTest3 HeapInsertTest4 , ,CacheHeapTest3 HeapDelMinTest0 HeapDelMinTest10 HeapDelMinTest12 HeapDelMinTest3 HeapDelMinTest4 , ,
52,Mon Nov 02 13:19:19 EST 2020,86,0,Assignment4Suite,CacheHeapTest0 CacheHeapTest1 CacheHeapTest2 CacheMapTest0 CacheMapTest1 CacheMapTest2 CacheMapTest3 CacheTest0 CacheTest1 CacheTest2 CacheTest3 CacheTest4 CacheTest5 CacheTest6 CacheTest7 CacheTest8 CacheTest9 HeapDelMinTest1 HeapDelMinTest11 HeapDelMinTest13 HeapDelMinTest14 HeapDelMinTest2 HeapDelMinTest5 HeapDelMinTest6 HeapDelMinTest7 HeapDelMinTest8 HeapDelMinTest9 HeapIncDecEltTest0 HeapIncDecEltTest1 HeapIncDecEltTest2 HeapIncDecEltTest3 HeapIncDecEltTest4 HeapIncDecEltTest5 HeapInsertTest0 HeapInsertTest1 HeapInsertTest2 HeapInsertTest3 HeapInsertTest4 , ,CacheHeapTest3 HeapDelMinTest0 HeapDelMinTest10 HeapDelMinTest12 HeapDelMinTest3 HeapDelMinTest4 , ,
53,Mon Nov 02 13:19:41 EST 2020,79,-7,Assignment4Suite,CacheHeapTest0 CacheHeapTest1 CacheHeapTest2 CacheMapTest0 CacheMapTest1 CacheMapTest2 CacheMapTest3 CacheTest0 CacheTest1 CacheTest2 CacheTest3 CacheTest4 CacheTest5 CacheTest6 CacheTest7 CacheTest8 CacheTest9 HeapDelMinTest1 HeapDelMinTest11 HeapDelMinTest13 HeapDelMinTest2 HeapDelMinTest5 HeapDelMinTest7 HeapDelMinTest9 HeapIncDecEltTest0 HeapIncDecEltTest1 HeapIncDecEltTest2 HeapIncDecEltTest3 HeapIncDecEltTest4 HeapIncDecEltTest5 HeapInsertTest0 HeapInsertTest1 HeapInsertTest2 HeapInsertTest3 HeapInsertTest4 , ,CacheHeapTest3 HeapDelMinTest0 HeapDelMinTest10 HeapDelMinTest12 HeapDelMinTest14- HeapDelMinTest3 HeapDelMinTest4 HeapDelMinTest6- HeapDelMinTest8- , ,
54,Mon Nov 02 17:46:58 EST 2020,86,7,Assignment4Suite,CacheHeapTest0 CacheHeapTest1 CacheHeapTest2 CacheMapTest0 CacheMapTest1 CacheMapTest2 CacheMapTest3 CacheTest0 CacheTest1 CacheTest2 CacheTest3 CacheTest4 CacheTest5 CacheTest6 CacheTest7 CacheTest8 CacheTest9 HeapDelMinTest1 HeapDelMinTest11 HeapDelMinTest13 HeapDelMinTest14+ HeapDelMinTest2 HeapDelMinTest5 HeapDelMinTest6+ HeapDelMinTest7 HeapDelMinTest8+ HeapDelMinTest9 HeapIncDecEltTest0 HeapIncDecEltTest1 HeapIncDecEltTest2 HeapIncDecEltTest3 HeapIncDecEltTest4 HeapIncDecEltTest5 HeapInsertTest0 HeapInsertTest1 HeapInsertTest2 HeapInsertTest3 HeapInsertTest4 , ,CacheHeapTest3 HeapDelMinTest0 HeapDelMinTest10 HeapDelMinTest12 HeapDelMinTest3 HeapDelMinTest4 , ,
55,Mon Nov 02 17:47:21 EST 2020,86,0,Assignment4Suite,CacheHeapTest0 CacheHeapTest1 CacheHeapTest2 CacheMapTest0 CacheMapTest1 CacheMapTest2 CacheMapTest3 CacheTest0 CacheTest1 CacheTest2 CacheTest3 CacheTest4 CacheTest5 CacheTest6 CacheTest7 CacheTest8 CacheTest9 HeapDelMinTest1 HeapDelMinTest11 HeapDelMinTest13 HeapDelMinTest14 HeapDelMinTest2 HeapDelMinTest5 HeapDelMinTest6 HeapDelMinTest7 HeapDelMinTest8 HeapDelMinTest9 HeapIncDecEltTest0 HeapIncDecEltTest1 HeapIncDecEltTest2 HeapIncDecEltTest3 HeapIncDecEltTest4 HeapIncDecEltTest5 HeapInsertTest0 HeapInsertTest1 HeapInsertTest2 HeapInsertTest3 HeapInsertTest4 , ,CacheHeapTest3 HeapDelMinTest0 HeapDelMinTest10 HeapDelMinTest12 HeapDelMinTest3 HeapDelMinTest4 , ,
56,Mon Nov 02 17:51:31 EST 2020,86,0,Assignment4Suite,CacheHeapTest0 CacheHeapTest1 CacheHeapTest2 CacheMapTest0 CacheMapTest1 CacheMapTest2 CacheMapTest3 CacheTest0 CacheTest1 CacheTest2 CacheTest3 CacheTest4 CacheTest5 CacheTest6 CacheTest7 CacheTest8 CacheTest9 HeapDelMinTest1 HeapDelMinTest11 HeapDelMinTest13 HeapDelMinTest14 HeapDelMinTest2 HeapDelMinTest5 HeapDelMinTest6 HeapDelMinTest7 HeapDelMinTest8 HeapDelMinTest9 HeapIncDecEltTest0 HeapIncDecEltTest1 HeapIncDecEltTest2 HeapIncDecEltTest3 HeapIncDecEltTest4 HeapIncDecEltTest5 HeapInsertTest0 HeapInsertTest1 HeapInsertTest2 HeapInsertTest3 HeapInsertTest4 , ,CacheHeapTest3 HeapDelMinTest0 HeapDelMinTest10 HeapDelMinTest12 HeapDelMinTest3 HeapDelMinTest4 , ,
57,Mon Nov 02 17:56:29 EST 2020,79,-7,Assignment4Suite,CacheHeapTest0 CacheHeapTest1 CacheHeapTest2 CacheMapTest0 CacheMapTest1 CacheMapTest2 CacheMapTest3 CacheTest0 CacheTest1 CacheTest2 CacheTest3 CacheTest4 CacheTest5 CacheTest6 CacheTest7 CacheTest8 CacheTest9 HeapDelMinTest1 HeapDelMinTest11 HeapDelMinTest13 HeapDelMinTest2 HeapDelMinTest5 HeapDelMinTest7 HeapDelMinTest9 HeapIncDecEltTest0 HeapIncDecEltTest1 HeapIncDecEltTest2 HeapIncDecEltTest3 HeapIncDecEltTest4 HeapIncDecEltTest5 HeapInsertTest0 HeapInsertTest1 HeapInsertTest2 HeapInsertTest3 HeapInsertTest4 , ,CacheHeapTest3 HeapDelMinTest0 HeapDelMinTest10 HeapDelMinTest12 HeapDelMinTest14- HeapDelMinTest3 HeapDelMinTest4 HeapDelMinTest6- HeapDelMinTest8- , ,
58,Mon Nov 02 17:56:55 EST 2020,79,0,Assignment4Suite,CacheHeapTest0 CacheHeapTest1 CacheHeapTest2 CacheMapTest0 CacheMapTest1 CacheMapTest2 CacheMapTest3 CacheTest0 CacheTest1 CacheTest2 CacheTest3 CacheTest4 CacheTest5 CacheTest6 CacheTest7 CacheTest8 CacheTest9 HeapDelMinTest1 HeapDelMinTest11 HeapDelMinTest13 HeapDelMinTest2 HeapDelMinTest5 HeapDelMinTest7 HeapDelMinTest9 HeapIncDecEltTest0 HeapIncDecEltTest1 HeapIncDecEltTest2 HeapIncDecEltTest3 HeapIncDecEltTest4 HeapIncDecEltTest5 HeapInsertTest0 HeapInsertTest1 HeapInsertTest2 HeapInsertTest3 HeapInsertTest4 , ,CacheHeapTest3 HeapDelMinTest0 HeapDelMinTest10 HeapDelMinTest12 HeapDelMinTest14 HeapDelMinTest3 HeapDelMinTest4 HeapDelMinTest6 HeapDelMinTest8 , ,
59,Mon Nov 02 18:05:30 EST 2020,90,11,Assignment4Suite,CacheHeapTest0 CacheHeapTest1 CacheHeapTest2 CacheMapTest0 CacheMapTest1 CacheMapTest2 CacheMapTest3 CacheTest0 CacheTest1 CacheTest2 CacheTest3 CacheTest4 CacheTest5 CacheTest6 CacheTest7 CacheTest8 CacheTest9 HeapDelMinTest1 HeapDelMinTest11 HeapDelMinTest13 HeapDelMinTest14+ HeapDelMinTest2 HeapDelMinTest3+ HeapDelMinTest4+ HeapDelMinTest5 HeapDelMinTest6+ HeapDelMinTest7 HeapDelMinTest8+ HeapDelMinTest9 HeapIncDecEltTest0 HeapIncDecEltTest1 HeapIncDecEltTest2 HeapIncDecEltTest3 HeapIncDecEltTest4 HeapIncDecEltTest5 HeapInsertTest0 HeapInsertTest1 HeapInsertTest2 HeapInsertTest3 HeapInsertTest4 , ,CacheHeapTest3 HeapDelMinTest0 HeapDelMinTest10 HeapDelMinTest12 , ,
60,Mon Nov 02 18:17:24 EST 2020,90,0,Assignment4Suite,CacheHeapTest0 CacheHeapTest1 CacheHeapTest2 CacheHeapTest3+ CacheMapTest0 CacheMapTest1 CacheMapTest2 CacheMapTest3 CacheTest0 CacheTest1 CacheTest2 CacheTest3 CacheTest4 CacheTest5 CacheTest6 CacheTest7 CacheTest8 CacheTest9 HeapDelMinTest11 HeapDelMinTest13 HeapDelMinTest14 HeapDelMinTest2 HeapDelMinTest3 HeapDelMinTest4 HeapDelMinTest5 HeapDelMinTest6 HeapDelMinTest7 HeapDelMinTest8 HeapDelMinTest9 HeapIncDecEltTest0 HeapIncDecEltTest1 HeapIncDecEltTest2 HeapIncDecEltTest3 HeapIncDecEltTest4 HeapIncDecEltTest5 HeapInsertTest0 HeapInsertTest1 HeapInsertTest2 HeapInsertTest3 HeapInsertTest4 , ,HeapDelMinTest0 HeapDelMinTest1- HeapDelMinTest10 HeapDelMinTest12 , ,
61,Mon Nov 02 18:21:27 EST 2020,95,5,Assignment4Suite,CacheHeapTest0 CacheHeapTest1 CacheHeapTest2 CacheHeapTest3 CacheMapTest0 CacheMapTest1 CacheMapTest2 CacheMapTest3 CacheTest0 CacheTest1 CacheTest2 CacheTest3 CacheTest4 CacheTest5 CacheTest6 CacheTest7 CacheTest8 CacheTest9 HeapDelMinTest10+ HeapDelMinTest11 HeapDelMinTest12+ HeapDelMinTest13 HeapDelMinTest14 HeapDelMinTest2 HeapDelMinTest3 HeapDelMinTest4 HeapDelMinTest5 HeapDelMinTest6 HeapDelMinTest7 HeapDelMinTest8 HeapDelMinTest9 HeapIncDecEltTest0 HeapIncDecEltTest1 HeapIncDecEltTest2 HeapIncDecEltTest3 HeapIncDecEltTest4 HeapIncDecEltTest5 HeapInsertTest0 HeapInsertTest1 HeapInsertTest2 HeapInsertTest3 HeapInsertTest4 , ,HeapDelMinTest0 HeapDelMinTest1 , ,
62,Mon Nov 02 20:41:15 EST 2020,95,0,Assignment4Suite,CacheHeapTest0 CacheHeapTest1 CacheHeapTest2 CacheHeapTest3 CacheMapTest0 CacheMapTest1 CacheMapTest2 CacheMapTest3 CacheTest0 CacheTest1 CacheTest2 CacheTest3 CacheTest4 CacheTest5 CacheTest6 CacheTest7 CacheTest8 CacheTest9 HeapDelMinTest10 HeapDelMinTest11 HeapDelMinTest12 HeapDelMinTest13 HeapDelMinTest14 HeapDelMinTest2 HeapDelMinTest3 HeapDelMinTest4 HeapDelMinTest5 HeapDelMinTest6 HeapDelMinTest7 HeapDelMinTest8 HeapDelMinTest9 HeapIncDecEltTest0 HeapIncDecEltTest1 HeapIncDecEltTest2 HeapIncDecEltTest3 HeapIncDecEltTest4 HeapIncDecEltTest5 HeapInsertTest0 HeapInsertTest1 HeapInsertTest2 HeapInsertTest3 HeapInsertTest4 , ,HeapDelMinTest0 HeapDelMinTest1 , ,
63,Mon Nov 02 20:48:50 EST 2020,95,0,Assignment4Suite,CacheHeapTest0 CacheHeapTest1 CacheHeapTest2 CacheHeapTest3 CacheMapTest0 CacheMapTest1 CacheMapTest2 CacheMapTest3 CacheTest0 CacheTest1 CacheTest2 CacheTest3 CacheTest4 CacheTest5 CacheTest6 CacheTest7 CacheTest8 CacheTest9 HeapDelMinTest10 HeapDelMinTest11 HeapDelMinTest12 HeapDelMinTest13 HeapDelMinTest14 HeapDelMinTest2 HeapDelMinTest3 HeapDelMinTest4 HeapDelMinTest5 HeapDelMinTest6 HeapDelMinTest7 HeapDelMinTest8 HeapDelMinTest9 HeapIncDecEltTest0 HeapIncDecEltTest1 HeapIncDecEltTest2 HeapIncDecEltTest3 HeapIncDecEltTest4 HeapIncDecEltTest5 HeapInsertTest0 HeapInsertTest1 HeapInsertTest2 HeapInsertTest3 HeapInsertTest4 , ,HeapDelMinTest0 HeapDelMinTest1 , ,
64,Mon Nov 02 20:50:36 EST 2020,97,2,Assignment4Suite,CacheHeapTest0 CacheHeapTest1 CacheHeapTest2 CacheHeapTest3 CacheMapTest0 CacheMapTest1 CacheMapTest2 CacheMapTest3 CacheTest0 CacheTest1 CacheTest2 CacheTest3 CacheTest4 CacheTest5 CacheTest6 CacheTest7 CacheTest8 CacheTest9 HeapDelMinTest0+ HeapDelMinTest10 HeapDelMinTest11 HeapDelMinTest12 HeapDelMinTest13 HeapDelMinTest14 HeapDelMinTest2 HeapDelMinTest3 HeapDelMinTest4 HeapDelMinTest5 HeapDelMinTest6 HeapDelMinTest7 HeapDelMinTest8 HeapDelMinTest9 HeapIncDecEltTest0 HeapIncDecEltTest1 HeapIncDecEltTest2 HeapIncDecEltTest3 HeapIncDecEltTest4 HeapIncDecEltTest5 HeapInsertTest0 HeapInsertTest1 HeapInsertTest2 HeapInsertTest3 HeapInsertTest4 , ,HeapDelMinTest1 , ,
65,Mon Nov 02 20:58:01 EST 2020,100,3,Assignment4Suite,CacheHeapTest0 CacheHeapTest1 CacheHeapTest2 CacheHeapTest3 CacheMapTest0 CacheMapTest1 CacheMapTest2 CacheMapTest3 CacheTest0 CacheTest1 CacheTest2 CacheTest3 CacheTest4 CacheTest5 CacheTest6 CacheTest7 CacheTest8 CacheTest9 HeapDelMinTest0 HeapDelMinTest1+ HeapDelMinTest10 HeapDelMinTest11 HeapDelMinTest12 HeapDelMinTest13 HeapDelMinTest14 HeapDelMinTest2 HeapDelMinTest3 HeapDelMinTest4 HeapDelMinTest5 HeapDelMinTest6 HeapDelMinTest7 HeapDelMinTest8 HeapDelMinTest9 HeapIncDecEltTest0 HeapIncDecEltTest1 HeapIncDecEltTest2 HeapIncDecEltTest3 HeapIncDecEltTest4 HeapIncDecEltTest5 HeapInsertTest0 HeapInsertTest1 HeapInsertTest2 HeapInsertTest3 HeapInsertTest4 , , , ,
66,Mon Nov 02 20:59:55 EST 2020,100,0,Assignment4Suite,CacheHeapTest0 CacheHeapTest1 CacheHeapTest2 CacheHeapTest3 CacheMapTest0 CacheMapTest1 CacheMapTest2 CacheMapTest3 CacheTest0 CacheTest1 CacheTest2 CacheTest3 CacheTest4 CacheTest5 CacheTest6 CacheTest7 CacheTest8 CacheTest9 HeapDelMinTest0 HeapDelMinTest1 HeapDelMinTest10 HeapDelMinTest11 HeapDelMinTest12 HeapDelMinTest13 HeapDelMinTest14 HeapDelMinTest2 HeapDelMinTest3 HeapDelMinTest4 HeapDelMinTest5 HeapDelMinTest6 HeapDelMinTest7 HeapDelMinTest8 HeapDelMinTest9 HeapIncDecEltTest0 HeapIncDecEltTest1 HeapIncDecEltTest2 HeapIncDecEltTest3 HeapIncDecEltTest4 HeapIncDecEltTest5 HeapInsertTest0 HeapInsertTest1 HeapInsertTest2 HeapInsertTest3 HeapInsertTest4 , , , ,
